CustomerID,Age,Gender,Tenure,MonthlyCharges,TotalCharges,ContractType,Churn
0001-XYZ,56,Male,11,87.41,948.0,Month-to-month,1
0002-XYZ,69,Male,31,45.99,1455.39,One year,1
0003-XYZ,46,Female,15,54.52,762.58,Month-to-month,1
0004-XYZ,32,Male,16,111.75,1834.2,Month-to-month,0
0005-XYZ,60,Male,7,49.05,318.24,Month-to-month,1
0006-XYZ,25,Female,44,67.0,2923.36,Two year,0
0007-XYZ,78,Male,37,109.01,3991.56,One year,1
0008-XYZ,38,Male,12,90.77,995.0,Month-to-month,1
0009-XYZ,56,Male,14,26.22,378.55,Month-to-month,1
0010-XYZ,75,Male,32,34.73,1196.99,One year,1
0011-XYZ,36,Male,29,20.78,599.49,One year,0
0012-XYZ,40,Female,16,83.09,1236.91,One year,1
0013-XYZ,28,Male,3,64.77,233.33,Month-to-month,1
0014-XYZ,28,Male,34,33.43,1055.38,One year,0
0015-XYZ,41,Male,5,115.79,518.5,Month-to-month,1
0016-XYZ,70,Male,47,72.97,3417.67,Two year,0
0017-XYZ,53,Male,30,44.19,1331.84,One year,1
0018-XYZ,57,Female,19,70.06,1280.71,Month-to-month,1
0019-XYZ,41,Male,21,87.96,1833.29,Month-to-month,1
0020-XYZ,20,Female,23,27.62,671.02,One year,0
0021-XYZ,39,Female,64,47.47,3080.69,Two year,0
0022-XYZ,70,Male,44,100.7,4493.37,One year,0
0023-XYZ,19,Male,15,65.97,1085.02,One year,1
0024-XYZ,41,Male,18,74.66,1384.37,One year,0
0025-XYZ,61,Male,33,63.28,2077.4,One year,1
0026-XYZ,47,Female,23,24.39,603.94,Month-to-month,1
0027-XYZ,55,Male,56,36.57,2071.26,Two year,1
0028-XYZ,19,Male,17,64.55,1122.67,Month-to-month,0
0029-XYZ,77,Male,2,40.92,90.7,Month-to-month,1
0030-XYZ,38,Male,51,25.0,1229.4,Two year,0
0031-XYZ,50,Male,11,104.36,1096.56,Month-to-month,1
0032-XYZ,29,Male,9,118.12,,Month-to-month,1
0033-XYZ,75,Female,7,99.31,702.62,Month-to-month,1
0034-XYZ,39,Female,45,105.38,,Two year,0
0035-XYZ,78,Male,17,44.2,772.57,Month-to-month,0
0036-XYZ,61,Male,17,116.06,2077.06,Month-to-month,1
0037-XYZ,42,Male,2,39.69,20.0,Month-to-month,1
0038-XYZ,66,Female,6,115.14,719.95,Month-to-month,1
0039-XYZ,44,Male,14,119.48,1669.42,Month-to-month,1
0040-XYZ,76,Female,6,91.17,569.55,Month-to-month,1
0041-XYZ,59,Male,45,118.11,5293.41,One year,0
0042-XYZ,45,Male,1,76.95,69.65,Month-to-month,1
0043-XYZ,77,Male,10,45.95,465.98,Month-to-month,1
0044-XYZ,33,Male,21,63.7,1322.62,Month-to-month,1
0045-XYZ,32,Female,5,79.36,320.77,Month-to-month,1
0046-XYZ,79,Female,13,27.31,343.33,One year,1
0047-XYZ,79,Male,33,82.23,2642.77,One year,1
0048-XYZ,64,Male,16,118.12,1922.58,Month-to-month,1
0049-XYZ,79,Female,2,39.01,20.0,Month-to-month,0
0050-XYZ,68,Female,10,99.26,,Month-to-month,1
0051-XYZ,61,Female,57,110.79,6336.51,Two year,1
0052-XYZ,72,Female,27,114.37,3109.66,One year,1
0053-XYZ,69,Male,33,116.01,3720.11,One year,0
0054-XYZ,74,Female,12,72.15,849.37,Month-to-month,1
0055-XYZ,20,Male,47,117.73,5590.99,Two year,1
0056-XYZ,54,Female,15,95.73,1410.02,Month-to-month,1
0057-XYZ,68,Female,8,36.17,235.46,Month-to-month,1
0058-XYZ,24,Female,6,67.69,374.31,Month-to-month,1
0059-XYZ,38,Female,10,91.83,914.89,Month-to-month,1
0060-XYZ,26,Female,58,44.73,,Two year,0
0061-XYZ,56,Male,55,84.06,,Two year,0
0062-XYZ,35,Male,7,86.66,603.39,Month-to-month,1
0063-XYZ,21,Female,32,36.27,1132.86,One year,1
0064-XYZ,42,Female,43,76.51,3224.86,Two year,1
0065-XYZ,77,Male,49,97.16,4785.06,Two year,0
0066-XYZ,31,Female,15,69.89,1071.43,One year,1
0067-XYZ,67,Female,69,21.21,1423.88,Two year,0
0068-XYZ,75,Male,45,20.9,828.68,Two year,0
0069-XYZ,26,Female,26,55.7,1468.74,One year,1
0070-XYZ,43,Female,8,112.62,891.62,Month-to-month,1
0071-XYZ,70,Male,21,42.87,917.07,Month-to-month,1
0072-XYZ,19,Male,38,83.44,3268.58,Two year,1
0073-XYZ,37,Male,22,42.21,927.28,Month-to-month,0
0074-XYZ,45,Female,51,52.17,2634.98,Two year,1
0075-XYZ,64,Male,14,104.8,1409.83,Month-to-month,1
0076-XYZ,77,Male,9,92.89,820.39,Month-to-month,1
0077-XYZ,24,Male,8,29.54,244.35,Month-to-month,1
0078-XYZ,61,Male,17,62.87,1071.46,Month-to-month,0
0079-XYZ,78,Male,25,22.92,659.17,Two year,0
0080-XYZ,25,Male,48,68.09,3293.27,Two year,0
0081-XYZ,64,Female,26,86.24,2235.5,Two year,1
0082-XYZ,52,Female,19,31.85,569.82,One year,0
0083-XYZ,31,Male,12,48.89,,Month-to-month,1
0084-XYZ,34,Male,44,59.78,2584.97,One year,0
0085-XYZ,53,Male,46,111.95,5158.69,One year,1
0086-XYZ,67,Female,17,119.33,2052.98,One year,1
0087-XYZ,57,Female,7,24.49,160.61,Month-to-month,1
0088-XYZ,21,Female,34,96.1,3235.89,One year,0
0089-XYZ,19,Female,18,57.17,919.8,Month-to-month,1
0090-XYZ,79,Female,66,59.25,3967.69,Two year,0
0091-XYZ,23,Female,42,95.43,4028.23,Two year,1
0092-XYZ,71,Female,5,111.84,580.58,Month-to-month,1
0093-XYZ,59,Female,22,115.09,2453.91,One year,1
0094-XYZ,21,Female,23,77.71,1856.32,One year,0
0095-XYZ,71,Male,10,55.71,533.84,Month-to-month,1
0096-XYZ,46,Male,31,98.75,3046.81,Two year,0
0097-XYZ,35,Male,47,45.1,2066.24,Two year,0
0098-XYZ,43,Male,9,76.41,598.34,Month-to-month,0
0099-XYZ,61,Female,4,55.86,281.31,Month-to-month,1
0100-XYZ,51,Female,5,85.66,492.63,Month-to-month,1
0101-XYZ,27,Male,21,44.04,916.56,Month-to-month,0
0102-XYZ,79,Female,8,39.16,279.31,Month-to-month,1
0103-XYZ,53,Male,32,111.82,3559.39,Two year,1
0104-XYZ,31,Female,15,30.18,435.22,Month-to-month,1
0105-XYZ,48,Male,15,70.6,999.01,Month-to-month,1
0106-XYZ,65,Female,71,42.09,2973.78,Two year,0
0107-XYZ,32,Female,29,23.89,700.47,One year,1
0108-XYZ,25,Male,10,23.6,286.91,Month-to-month,1
0109-XYZ,31,Female,20,37.52,751.11,Month-to-month,1
0110-XYZ,40,Male,6,106.68,561.26,Month-to-month,1
0111-XYZ,77,Male,23,48.25,1127.43,One year,1
0112-XYZ,74,Male,2,115.05,217.3,Month-to-month,1
0113-XYZ,79,Male,18,78.16,1475.4,One year,1
0114-XYZ,57,Female,39,63.66,2554.21,Two year,0
0115-XYZ,38,Female,3,78.01,307.25,Month-to-month,1
0116-XYZ,33,Female,68,71.67,4845.48,Two year,0
0117-XYZ,62,Male,26,95.88,2592.37,Two year,0
0118-XYZ,35,Female,18,48.25,886.05,Month-to-month,1
0119-XYZ,64,Male,66,55.31,3731.78,Two year,0
0120-XYZ,70,Female,44,109.41,4788.91,One year,1
0121-XYZ,41,Female,51,114.65,5832.22,Two year,0
0122-XYZ,43,Female,12,109.26,1324.82,One year,1
0123-XYZ,42,Male,19,61.94,1184.45,One year,1
0124-XYZ,77,Female,43,98.04,4278.46,One year,1
0125-XYZ,77,Female,71,67.63,4790.12,Two year,0
0126-XYZ,77,Male,15,69.75,1104.48,One year,1
0127-XYZ,62,Female,41,40.47,1695.88,One year,1
0128-XYZ,58,Male,29,79.11,2283.52,Two year,1
0129-XYZ,46,Female,14,38.61,573.27,Month-to-month,0
0130-XYZ,32,Male,22,53.16,1145.86,Month-to-month,0
0131-XYZ,62,Male,19,105.5,2122.01,Month-to-month,1
0132-XYZ,18,Female,9,40.71,233.17,Month-to-month,1
0133-XYZ,42,Male,12,27.12,359.09,Month-to-month,0
0134-XYZ,24,Male,34,26.9,826.37,Two year,0
0135-XYZ,26,Male,14,114.08,1585.84,Month-to-month,1
0136-XYZ,41,Male,27,70.69,1904.35,One year,1
0137-XYZ,18,Male,1,60.94,136.32,Month-to-month,0
0138-XYZ,61,Male,68,101.09,6839.51,Two year,1
0139-XYZ,25,Female,44,103.58,4622.92,Two year,1
0140-XYZ,41,Male,13,53.22,632.92,Month-to-month,0
0141-XYZ,28,Male,57,89.36,5160.85,Two year,0
0142-XYZ,68,Female,4,97.11,364.72,Month-to-month,1
0143-XYZ,34,Female,51,85.47,4362.64,Two year,1
0144-XYZ,25,Female,6,35.16,194.14,Month-to-month,1
0145-XYZ,52,Female,54,107.59,5873.98,Two year,0
0146-XYZ,52,Female,23,73.91,1754.32,Month-to-month,1
0147-XYZ,50,Female,38,48.25,1855.68,One year,0
0148-XYZ,76,Female,28,62.52,1692.97,Two year,0
0149-XYZ,22,Male,3,23.76,35.53,Month-to-month,1
0150-XYZ,59,Male,1,32.79,20.0,Month-to-month,1
0151-XYZ,56,Female,4,96.55,273.79,Month-to-month,1
0152-XYZ,75,Male,20,20.0,463.07,Month-to-month,1
0153-XYZ,58,Male,45,61.66,2758.31,One year,0
0154-XYZ,45,Male,5,72.25,344.33,Month-to-month,1
0155-XYZ,24,Female,3,25.46,151.19,Month-to-month,1
0156-XYZ,26,Female,9,117.31,1031.99,Month-to-month,1
0157-XYZ,25,Male,61,42.61,,Two year,0
0158-XYZ,29,Female,18,50.42,896.32,Month-to-month,0
0159-XYZ,51,Male,6,50.39,245.71,Month-to-month,1
0160-XYZ,50,Male,19,43.04,834.98,Month-to-month,1
0161-XYZ,65,Male,12,20.15,223.12,Month-to-month,1
0162-XYZ,72,Male,34,92.93,3134.26,Two year,1
0163-XYZ,40,Female,2,116.68,203.66,Month-to-month,1
0164-XYZ,79,Female,15,42.43,631.14,Month-to-month,1
0165-XYZ,41,Female,67,86.3,5786.27,Two year,0
0166-XYZ,54,Male,67,94.19,6284.73,Two year,0
0167-XYZ,52,Female,9,104.84,925.62,Month-to-month,0
0168-XYZ,61,Male,44,62.26,2735.36,Two year,1
0169-XYZ,57,Female,47,50.29,2354.51,Two year,0
0170-XYZ,39,Male,2,52.53,106.61,Month-to-month,1
0171-XYZ,44,Male,45,91.26,4072.87,Two year,1
0172-XYZ,52,Male,14,101.68,1473.75,One year,1
0173-XYZ,18,Female,12,38.16,462.76,Month-to-month,1
0174-XYZ,52,Female,16,57.09,888.25,Month-to-month,0
0175-XYZ,54,Female,21,110.19,2331.21,Month-to-month,1
0176-XYZ,64,Female,51,100.67,5130.45,Two year,0
0177-XYZ,31,Male,49,118.49,5719.32,Two year,1
0178-XYZ,20,Female,44,95.42,4215.53,One year,0
0179-XYZ,18,Female,21,59.32,1194.74,Month-to-month,1
0180-XYZ,22,Male,46,79.06,3683.48,One year,0
0181-XYZ,43,Male,45,86.1,3862.41,One year,1
0182-XYZ,72,Male,9,27.85,289.65,Month-to-month,0
0183-XYZ,31,Female,19,74.45,1383.04,Month-to-month,1
0184-XYZ,56,Male,70,90.93,6368.6,Two year,0
0185-XYZ,44,Male,18,36.73,721.65,Month-to-month,1
0186-XYZ,26,Male,34,98.06,3320.59,Two year,1
0187-XYZ,32,Female,23,78.38,1773.2,Month-to-month,1
0188-XYZ,32,Male,16,115.22,1876.27,Month-to-month,1
0189-XYZ,43,Female,22,24.24,565.06,Month-to-month,1
0190-XYZ,59,Female,17,46.53,763.57,Month-to-month,0
0191-XYZ,77,Male,28,80.16,2145.21,Two year,0
0192-XYZ,30,Male,12,49.66,565.42,Month-to-month,1
0193-XYZ,68,Female,34,91.44,3142.83,Two year,0
0194-XYZ,49,Male,41,95.9,3893.15,One year,0
0195-XYZ,56,Male,38,30.25,1148.95,Two year,0
0196-XYZ,66,Female,3,71.39,181.3,Month-to-month,1
0197-XYZ,69,Female,56,70.89,3873.23,Two year,0
0198-XYZ,78,Male,43,56.93,2414.22,Two year,0
0199-XYZ,49,Female,16,113.29,1846.3,Month-to-month,1
0200-XYZ,21,Male,2,102.75,86.99,Month-to-month,1
0201-XYZ,47,Male,25,89.72,2255.61,Two year,0
0202-XYZ,54,Male,58,91.43,5243.64,Two year,0
0203-XYZ,40,Female,8,66.17,559.78,Month-to-month,1
0204-XYZ,56,Male,39,112.1,4407.62,One year,0
0205-XYZ,62,Male,70,89.46,6253.6,Two year,0
0206-XYZ,32,Male,62,92.9,5751.32,Two year,0
0207-XYZ,60,Female,29,106.17,3038.61,Two year,1
0208-XYZ,46,Female,32,47.41,1449.84,Two year,0
0209-XYZ,53,Female,20,100.71,2099.1,Month-to-month,0
0210-XYZ,30,Female,1,39.52,20.0,Month-to-month,1
0211-XYZ,49,Female,8,54.53,514.63,Month-to-month,1
0212-XYZ,24,Male,34,53.56,1778.06,One year,1
0213-XYZ,76,Female,14,117.85,1676.16,One year,1
0214-XYZ,68,Female,4,105.65,365.71,Month-to-month,1
0215-XYZ,39,Female,48,90.12,4351.93,Two year,0
0216-XYZ,45,Male,26,92.71,2394.18,One year,1
0217-XYZ,19,Female,32,76.21,2423.09,One year,0
0218-XYZ,59,Female,3,114.71,374.63,Month-to-month,1
0219-XYZ,62,Male,25,69.63,1717.29,One year,1
0220-XYZ,79,Female,4,58.05,160.79,Month-to-month,0
0221-XYZ,74,Male,12,36.3,473.67,Month-to-month,1
0222-XYZ,70,Male,17,98.62,1619.24,Month-to-month,1
0223-XYZ,23,Male,7,93.44,679.91,Month-to-month,0
0224-XYZ,45,Male,9,58.44,574.61,Month-to-month,1
0225-XYZ,45,Male,46,22.52,1017.15,One year,0
0226-XYZ,61,Female,13,103.9,1409.82,Month-to-month,1
0227-XYZ,61,Male,38,21.14,827.41,Two year,0
0228-XYZ,37,Male,18,90.37,1591.87,Month-to-month,1
0229-XYZ,47,Female,56,117.03,6623.75,Two year,0
0230-XYZ,79,Male,29,63.77,1792.25,Two year,0
0231-XYZ,28,Female,23,43.5,981.66,Month-to-month,1
0232-XYZ,75,Female,2,90.49,170.66,Month-to-month,1
0233-XYZ,72,Female,14,101.71,1454.2,Month-to-month,1
0234-XYZ,45,Male,25,74.64,1921.77,One year,1
0235-XYZ,42,Male,47,116.7,5537.54,One year,0
0236-XYZ,56,Male,21,25.17,539.76,Month-to-month,0
0237-XYZ,79,Female,19,70.48,1325.11,One year,0
0238-XYZ,50,Male,3,91.85,184.25,Month-to-month,1
0239-XYZ,18,Male,19,106.26,1953.23,Month-to-month,1
0240-XYZ,74,Male,41,37.93,1643.46,One year,0
0241-XYZ,44,Female,14,100.0,1308.2,Month-to-month,1
0242-XYZ,79,Female,31,75.27,2294.15,One year,0
0243-XYZ,74,Male,17,59.66,,Month-to-month,1
0244-XYZ,69,Male,48,33.17,1602.65,Two year,0
0245-XYZ,30,Male,8,106.53,,Month-to-month,1
0246-XYZ,58,Male,14,35.73,527.36,Month-to-month,1
0247-XYZ,20,Female,37,50.98,1959.74,One year,0
0248-XYZ,56,Female,6,49.0,308.77,Month-to-month,1
0249-XYZ,23,Female,46,107.14,4961.61,Two year,1
0250-XYZ,25,Female,33,87.27,2843.7,One year,1
0251-XYZ,44,Male,30,99.67,3019.42,One year,1
0252-XYZ,26,Male,69,45.05,3088.64,Two year,1
0253-XYZ,79,Male,26,82.49,2122.08,Two year,0
0254-XYZ,54,Female,65,77.17,5060.79,Two year,0
0255-XYZ,50,Male,30,103.28,3143.48,One year,0
0256-XYZ,68,Female,20,110.61,2296.62,One year,0
0257-XYZ,59,Female,20,21.22,505.56,Month-to-month,0
0258-XYZ,61,Male,13,87.4,1182.07,Month-to-month,0
0259-XYZ,41,Male,18,25.18,367.22,One year,1
0260-XYZ,32,Male,14,74.89,1139.84,Month-to-month,1
0261-XYZ,76,Female,9,48.76,484.74,Month-to-month,1
0262-XYZ,71,Male,23,50.68,1127.35,Month-to-month,0
0263-XYZ,49,Female,19,55.3,1087.15,Month-to-month,0
0264-XYZ,49,Male,70,82.13,5697.24,Two year,0
0265-XYZ,41,Female,37,53.4,2006.73,Two year,1
0266-XYZ,58,Female,6,93.27,493.81,Month-to-month,0
0267-XYZ,69,Male,47,60.45,2800.74,One year,0
0268-XYZ,66,Female,63,26.84,1726.42,Two year,1
0269-XYZ,79,Female,17,98.38,1726.1,Month-to-month,1
0270-XYZ,66,Male,53,48.58,2591.01,Two year,1
0271-XYZ,75,Female,9,63.28,555.21,Month-to-month,1
0272-XYZ,69,Male,1,88.54,20.0,Month-to-month,1
0273-XYZ,29,Female,48,53.25,2545.55,Two year,0
0274-XYZ,79,Male,14,25.66,,Month-to-month,1
0275-XYZ,56,Male,22,57.39,1246.74,One year,0
0276-XYZ,19,Female,58,114.44,6636.39,Two year,0
0277-XYZ,20,Female,9,84.17,748.25,Month-to-month,1
0278-XYZ,66,Female,25,87.15,2162.66,One year,0
0279-XYZ,54,Female,53,83.23,4414.98,Two year,0
0280-XYZ,66,Female,9,39.9,345.47,Month-to-month,1
0281-XYZ,73,Male,27,61.83,1741.57,Two year,0
0282-XYZ,34,Female,15,95.09,1316.03,One year,1
0283-XYZ,76,Male,39,30.14,1148.17,One year,0
0284-XYZ,66,Male,19,47.79,864.5,One year,0
0285-XYZ,19,Female,2,47.63,106.22,Month-to-month,1
0286-XYZ,19,Male,64,63.2,4048.66,Two year,1
0287-XYZ,45,Male,69,118.04,8225.87,Two year,0
0288-XYZ,71,Male,33,26.75,980.31,One year,0
0289-XYZ,40,Male,64,71.87,4561.03,Two year,0
0290-XYZ,54,Female,27,37.94,1024.41,One year,0
0291-XYZ,49,Male,17,117.07,2000.01,Month-to-month,0
0292-XYZ,50,Female,41,31.33,1244.64,One year,1
0293-XYZ,18,Female,23,60.36,1419.7,One year,0
0294-XYZ,36,Male,46,93.79,4302.36,One year,1
0295-XYZ,79,Female,34,90.46,3022.26,Two year,1
0296-XYZ,19,Female,14,62.27,857.8,Month-to-month,1
0297-XYZ,70,Female,18,54.65,933.82,Month-to-month,1
0298-XYZ,61,Male,21,59.76,1306.79,Month-to-month,1
0299-XYZ,43,Female,21,46.43,1070.11,Month-to-month,1
0300-XYZ,49,Female,16,40.53,660.72,One year,0
0301-XYZ,23,Female,31,68.3,,One year,1
0302-XYZ,49,Male,14,46.85,663.52,One year,0
0303-XYZ,72,Female,12,48.75,644.11,Month-to-month,1
0304-XYZ,21,Male,44,85.68,3827.95,One year,1
0305-XYZ,72,Male,21,116.85,2448.07,Month-to-month,1
0306-XYZ,28,Male,9,80.36,735.87,Month-to-month,1
0307-XYZ,73,Male,20,27.7,586.63,One year,1
0308-XYZ,76,Male,27,27.56,687.24,Two year,1
0309-XYZ,34,Male,3,115.14,406.05,Month-to-month,0
0310-XYZ,55,Female,17,49.73,932.15,Month-to-month,1
0311-XYZ,41,Male,2,29.21,116.67,Month-to-month,1
0312-XYZ,22,Female,1,79.9,20.0,Month-to-month,1
0313-XYZ,69,Female,19,82.36,1466.34,One year,0
0314-XYZ,51,Male,13,84.85,1138.49,Month-to-month,1
0315-XYZ,23,Female,34,46.74,1551.15,One year,1
0316-XYZ,39,Female,15,21.51,337.01,Month-to-month,0
0317-XYZ,28,Female,8,116.5,1008.76,Month-to-month,1
0318-XYZ,65,Female,12,45.09,508.23,Month-to-month,1
0319-XYZ,33,Male,22,87.6,,Month-to-month,1
0320-XYZ,50,Female,12,90.66,1101.76,Month-to-month,1
0321-XYZ,26,Male,14,81.0,1069.12,Month-to-month,1
0322-XYZ,77,Female,70,51.29,3552.41,Two year,0
0323-XYZ,76,Female,15,47.11,707.89,Month-to-month,1
0324-XYZ,23,Male,64,79.77,5090.26,Two year,0
0325-XYZ,33,Female,19,106.61,2056.01,Month-to-month,1
0326-XYZ,46,Female,49,114.67,5757.13,Two year,0
0327-XYZ,20,Female,40,30.59,1228.56,One year,0
0328-XYZ,37,Male,33,35.48,1128.75,One year,0
0329-XYZ,77,Female,63,114.47,7282.52,Two year,1
0330-XYZ,76,Male,32,93.65,2917.36,One year,1
0331-XYZ,53,Female,31,108.3,3287.85,One year,0
0332-XYZ,36,Male,40,40.26,1580.64,One year,1
0333-XYZ,43,Male,15,78.76,1167.26,One year,0
0334-XYZ,20,Female,23,90.11,2041.58,Month-to-month,1
0335-XYZ,36,Female,7,88.01,614.49,Month-to-month,1
0336-XYZ,37,Male,39,60.82,2385.72,One year,1
0337-XYZ,49,Male,39,21.54,893.51,One year,0
0338-XYZ,24,Female,27,78.29,2118.39,Two year,1
0339-XYZ,69,Male,33,45.31,1467.13,One year,0
0340-XYZ,58,Female,35,65.03,2326.78,Two year,1
0341-XYZ,50,Female,13,115.76,1463.99,Month-to-month,0
0342-XYZ,57,Female,3,59.9,98.07,Month-to-month,1
0343-XYZ,56,Female,22,103.98,2347.86,Month-to-month,0
0344-XYZ,35,Male,12,38.85,523.29,Month-to-month,1
0345-XYZ,57,Female,25,87.25,2141.64,Two year,1
0346-XYZ,18,Male,2,117.7,215.45,Month-to-month,1
0347-XYZ,28,Female,50,30.19,1463.65,Two year,1
0348-XYZ,45,Male,23,20.83,495.42,Month-to-month,0
0349-XYZ,74,Female,12,63.36,846.92,One year,1
0350-XYZ,42,Male,19,29.26,591.08,One year,1
0351-XYZ,67,Male,23,94.84,2233.11,Month-to-month,1
0352-XYZ,40,Female,17,111.45,1935.64,One year,1
0353-XYZ,48,Female,22,63.4,1394.79,Month-to-month,0
0354-XYZ,47,Female,18,45.87,879.83,Month-to-month,1
0355-XYZ,59,Female,17,63.44,1115.73,Month-to-month,1
0356-XYZ,52,Male,12,92.34,1180.05,Month-to-month,1
0357-XYZ,24,Female,6,20.91,102.48,Month-to-month,1
0358-XYZ,77,Male,37,78.95,2834.24,One year,1
0359-XYZ,33,Male,38,81.33,3142.8,One year,0
0360-XYZ,43,Female,19,83.77,1609.12,One year,1
0361-XYZ,65,Male,19,44.2,825.0,Month-to-month,0
0362-XYZ,74,Male,12,91.41,1084.91,One year,1
0363-XYZ,69,Male,13,29.14,506.55,Month-to-month,1
0364-XYZ,77,Male,17,39.93,646.7,Month-to-month,1
0365-XYZ,66,Female,58,107.75,6206.83,Two year,0
0366-XYZ,19,Female,8,93.87,755.22,Month-to-month,1
0367-XYZ,18,Female,25,21.37,593.27,One year,0
0368-XYZ,65,Female,46,44.84,2176.56,One year,1
0369-XYZ,79,Male,16,41.44,695.91,Month-to-month,0
0370-XYZ,29,Male,13,47.08,548.52,Month-to-month,0
0371-XYZ,22,Female,20,44.76,993.74,Month-to-month,0
0372-XYZ,54,Female,36,26.25,944.03,Two year,0
0373-XYZ,49,Female,6,65.89,353.45,Month-to-month,1
0374-XYZ,76,Male,17,93.27,1531.62,Month-to-month,1
0375-XYZ,72,Female,14,80.67,1171.2,Month-to-month,1
0376-XYZ,26,Female,19,87.29,1670.45,One year,1
0377-XYZ,58,Female,11,28.11,326.46,Month-to-month,1
0378-XYZ,52,Male,20,115.15,2367.33,Month-to-month,1
0379-XYZ,36,Male,44,103.85,4529.29,One year,1
0380-XYZ,65,Male,49,100.51,4993.3,Two year,0
0381-XYZ,33,Male,7,102.3,690.14,Month-to-month,1
0382-XYZ,20,Male,21,113.27,2486.87,Month-to-month,1
0383-XYZ,37,Male,21,74.43,1592.97,Month-to-month,1
0384-XYZ,41,Male,20,40.03,754.59,One year,0
0385-XYZ,71,Male,5,81.68,,Month-to-month,1
0386-XYZ,73,Female,28,94.29,2680.57,One year,0
0387-XYZ,50,Female,47,93.79,4389.42,Two year,0
0388-XYZ,41,Male,32,72.14,2300.7,One year,1
0389-XYZ,69,Male,19,26.85,548.46,Month-to-month,1
0390-XYZ,28,Female,62,57.11,3591.34,Two year,0
0391-XYZ,66,Male,24,112.08,2751.11,One year,1
0392-XYZ,25,Male,22,78.44,1666.94,One year,1
0393-XYZ,53,Male,14,73.83,1104.91,Month-to-month,1
0394-XYZ,55,Female,42,46.89,1940.43,Two year,0
0395-XYZ,57,Female,11,56.84,512.43,Month-to-month,0
0396-XYZ,37,Female,13,109.53,1364.97,Month-to-month,1
0397-XYZ,79,Female,14,86.65,1224.0,Month-to-month,0
0398-XYZ,52,Female,12,98.74,1135.94,One year,0
0399-XYZ,65,Male,8,65.43,519.04,Month-to-month,1
0400-XYZ,79,Female,12,83.02,1013.15,Month-to-month,1
0401-XYZ,42,Male,19,44.84,842.89,Month-to-month,0
0402-XYZ,52,Male,12,90.55,1061.88,Month-to-month,1
0403-XYZ,42,Female,19,62.76,1129.91,One year,1
0404-XYZ,46,Female,19,64.25,,One year,1
0405-XYZ,35,Male,21,84.93,1680.28,Month-to-month,1
0406-XYZ,63,Male,13,113.63,,Month-to-month,1
0407-XYZ,35,Male,23,26.4,560.81,One year,0
0408-XYZ,19,Female,16,102.47,1627.55,Month-to-month,1
0409-XYZ,71,Female,1,49.24,38.57,Month-to-month,1
0410-XYZ,52,Female,68,64.39,4426.52,Two year,1
0411-XYZ,33,Female,37,22.19,900.2,One year,0
0412-XYZ,78,Female,7,50.1,294.81,Month-to-month,1
0413-XYZ,58,Male,39,70.26,2839.78,One year,1
0414-XYZ,53,Female,5,25.62,89.14,Month-to-month,1
0415-XYZ,50,Male,19,69.11,1321.72,One year,0
0416-XYZ,21,Male,14,112.71,1603.48,Month-to-month,1
0417-XYZ,50,Male,23,30.54,824.65,Month-to-month,1
0418-XYZ,31,Female,13,96.44,1226.61,Month-to-month,1
0419-XYZ,38,Female,70,60.97,4178.06,Two year,0
0420-XYZ,65,Female,34,85.52,2982.2,One year,0
0421-XYZ,37,Male,17,46.02,740.67,Month-to-month,1
0422-XYZ,73,Male,15,35.95,521.17,Month-to-month,0
0423-XYZ,25,Male,31,36.05,1061.66,One year,0
0424-XYZ,24,Male,18,27.05,468.96,Month-to-month,1
0425-XYZ,20,Male,18,38.56,652.06,Month-to-month,0
0426-XYZ,34,Male,25,86.42,2194.32,Two year,1
0427-XYZ,50,Female,4,108.17,436.72,Month-to-month,1
0428-XYZ,65,Female,41,101.41,4123.76,One year,0
0429-XYZ,29,Female,56,88.51,5006.35,Two year,1
0430-XYZ,76,Female,4,31.04,136.91,Month-to-month,0
0431-XYZ,68,Male,18,48.92,788.26,Month-to-month,1
0432-XYZ,39,Male,5,50.98,300.89,Month-to-month,1
0433-XYZ,72,Female,42,45.0,1899.24,Two year,1
0434-XYZ,39,Male,70,71.5,5074.54,Two year,1
0435-XYZ,63,Female,51,73.56,3757.76,Two year,0
0436-XYZ,47,Female,8,55.69,405.93,Month-to-month,1
0437-XYZ,55,Female,43,55.38,2371.13,Two year,1
0438-XYZ,55,Male,56,102.86,5800.36,Two year,1
0439-XYZ,62,Female,23,98.93,2236.85,One year,0
0440-XYZ,68,Female,38,50.78,,Two year,0
0441-XYZ,71,Female,64,111.38,7117.24,Two year,0
0442-XYZ,25,Male,13,115.28,1441.17,One year,1
0443-XYZ,44,Male,40,52.67,2068.98,One year,1
0444-XYZ,44,Female,9,55.44,507.59,Month-to-month,1
0445-XYZ,51,Male,10,70.56,765.72,Month-to-month,0
0446-XYZ,38,Male,13,114.11,1499.29,One year,1
0447-XYZ,47,Male,19,107.63,2042.68,Month-to-month,1
0448-XYZ,50,Male,34,30.26,987.28,Two year,0
0449-XYZ,45,Male,36,59.27,2188.48,Two year,1
0450-XYZ,64,Male,33,75.34,2507.9,Two year,1
0451-XYZ,50,Male,14,70.31,949.0,Month-to-month,1
0452-XYZ,22,Male,18,39.39,753.95,Month-to-month,1
0453-XYZ,77,Male,19,105.88,2039.7,Month-to-month,1
0454-XYZ,78,Male,20,87.69,1713.12,One year,1
0455-XYZ,65,Female,62,103.79,6429.91,Two year,1
0456-XYZ,36,Female,51,105.88,5375.24,Two year,1
0457-XYZ,21,Male,3,94.84,416.2,Month-to-month,1
0458-XYZ,52,Female,43,63.92,2775.15,Two year,1
0459-XYZ,66,Female,29,81.05,2359.79,Two year,0
0460-XYZ,34,Male,21,36.04,780.47,Month-to-month,1
0461-XYZ,61,Male,25,87.36,2252.96,Two year,0
0462-XYZ,45,Male,6,37.93,223.41,Month-to-month,1
0463-XYZ,47,Female,3,89.39,238.67,Month-to-month,1
0464-XYZ,46,Female,27,42.96,1202.13,One year,1
0465-XYZ,63,Male,8,31.76,245.33,Month-to-month,1
0466-XYZ,70,Male,13,36.53,421.4,One year,0
0467-XYZ,23,Male,28,20.2,502.37,One year,0
0468-XYZ,52,Female,23,91.87,2189.47,One year,1
0469-XYZ,77,Female,3,93.24,286.3,Month-to-month,1
0470-XYZ,58,Female,12,71.49,828.4,One year,1
0471-XYZ,54,Female,26,36.14,927.92,One year,1
0472-XYZ,41,Male,37,28.36,1089.69,One year,1
0473-XYZ,46,Male,5,21.91,94.88,Month-to-month,0
0474-XYZ,66,Male,21,36.57,695.5,Month-to-month,1
0475-XYZ,63,Male,42,109.09,4598.07,One year,1
0476-XYZ,70,Female,23,44.15,1075.87,Month-to-month,1
0477-XYZ,48,Female,35,55.43,1997.12,One year,1
0478-XYZ,52,Male,61,30.53,1834.36,Two year,0
0479-XYZ,77,Male,39,42.24,1710.82,One year,1
0480-XYZ,50,Female,32,71.92,2312.09,One year,1
0481-XYZ,69,Male,66,80.78,5393.54,Two year,0
0482-XYZ,78,Female,41,44.54,1854.82,Two year,0
0483-XYZ,38,Male,59,25.77,1444.35,Two year,0
0484-XYZ,49,Male,58,59.1,3515.14,Two year,0
0485-XYZ,40,Male,13,43.42,567.05,Month-to-month,1
0486-XYZ,50,Male,23,41.96,993.92,Month-to-month,1
0487-XYZ,20,Male,20,115.99,2252.6,One year,1
0488-XYZ,35,Male,21,81.63,1739.5,Month-to-month,1
0489-XYZ,42,Male,6,75.69,509.29,Month-to-month,1
0490-XYZ,59,Female,12,61.58,,Month-to-month,1
0491-XYZ,48,Female,45,62.89,2900.07,One year,0
0492-XYZ,71,Female,43,74.09,3213.58,One year,0
0493-XYZ,75,Female,14,89.64,1177.74,One year,0
0494-XYZ,20,Female,14,90.21,1269.55,One year,1
0495-XYZ,57,Male,51,37.17,1866.04,Two year,0
0496-XYZ,63,Male,12,70.01,851.87,Month-to-month,1
0497-XYZ,41,Female,38,61.2,2264.78,Two year,1
0498-XYZ,67,Male,9,107.05,952.94,Month-to-month,1
0499-XYZ,49,Female,46,83.14,,Two year,0
0500-XYZ,64,Female,22,73.25,,One year,0
0501-XYZ,39,Male,16,31.54,477.73,Month-to-month,1
0502-XYZ,40,Male,22,80.56,1765.53,Month-to-month,1
0503-XYZ,19,Male,4,31.72,141.19,Month-to-month,1
0504-XYZ,44,Female,1,53.72,20.0,Month-to-month,0
0505-XYZ,59,Male,7,34.28,121.14,Month-to-month,1
0506-XYZ,19,Female,45,89.21,3997.52,One year,0
0507-XYZ,43,Female,39,40.63,1574.68,One year,1
0508-XYZ,34,Female,18,59.19,1074.88,One year,0
0509-XYZ,57,Male,27,109.57,2922.01,Two year,1
0510-XYZ,50,Male,12,40.43,485.63,One year,0
0511-XYZ,26,Female,12,70.78,855.69,One year,1
0512-XYZ,60,Male,15,61.93,892.22,Month-to-month,1
0513-XYZ,71,Male,31,21.81,726.78,One year,0
0514-XYZ,65,Male,19,99.28,1895.17,Month-to-month,1
0515-XYZ,56,Female,52,26.9,1426.15,Two year,1
0516-XYZ,46,Female,33,67.43,2228.63,Two year,0
0517-XYZ,59,Male,29,76.07,2311.21,One year,1
0518-XYZ,72,Female,3,82.84,278.34,Month-to-month,1
0519-XYZ,43,Male,66,88.86,5840.36,Two year,0
0520-XYZ,52,Male,70,45.33,3214.15,Two year,0
0521-XYZ,67,Male,11,21.0,149.12,Month-to-month,1
0522-XYZ,42,Male,17,92.34,1575.76,Month-to-month,1
0523-XYZ,41,Female,61,73.57,4503.73,Two year,0
0524-XYZ,30,Female,5,103.61,524.6,Month-to-month,1
0525-XYZ,77,Female,31,102.14,3149.65,Two year,0
0526-XYZ,75,Male,2,104.33,158.05,Month-to-month,1
0527-XYZ,24,Male,16,68.51,1056.69,Month-to-month,1
0528-XYZ,74,Male,35,53.36,1872.7,Two year,1
0529-XYZ,53,Female,6,99.16,539.28,Month-to-month,1
0530-XYZ,62,Male,12,65.13,870.07,One year,1
0531-XYZ,37,Female,4,38.34,21.32,Month-to-month,1
0532-XYZ,18,Female,17,105.5,1777.33,Month-to-month,0
0533-XYZ,25,Female,16,108.26,1737.68,One year,1
0534-XYZ,63,Female,41,66.63,2757.2,One year,1
0535-XYZ,33,Female,35,27.57,919.15,One year,0
0536-XYZ,31,Female,26,58.78,1584.99,Two year,1
0537-XYZ,29,Male,22,100.35,2138.01,One year,0
0538-XYZ,68,Male,13,110.18,1404.03,Month-to-month,1
0539-XYZ,40,Female,4,40.35,192.44,Month-to-month,0
0540-XYZ,32,Female,49,26.7,1360.31,Two year,1
0541-XYZ,45,Male,50,107.74,5316.8,Two year,1
0542-XYZ,51,Female,38,58.94,2371.97,One year,0
0543-XYZ,19,Female,10,74.18,696.93,Month-to-month,0
0544-XYZ,49,Male,19,116.81,2153.78,Month-to-month,1
0545-XYZ,40,Female,17,26.66,478.36,One year,0
0546-XYZ,39,Female,38,84.83,3206.13,Two year,0
0547-XYZ,68,Female,41,27.41,1099.01,One year,0
0548-XYZ,42,Male,65,57.55,3770.53,Two year,0
0549-XYZ,75,Male,60,100.38,5946.44,Two year,0
0550-XYZ,79,Male,5,63.35,231.64,Month-to-month,1
0551-XYZ,78,Female,10,119.72,1167.33,Month-to-month,1
0552-XYZ,39,Female,5,75.91,433.45,Month-to-month,1
0553-XYZ,75,Male,3,52.12,128.66,Month-to-month,1
0554-XYZ,75,Female,46,42.01,2012.42,Two year,1
0555-XYZ,39,Female,6,55.05,390.35,Month-to-month,1
0556-XYZ,66,Female,15,57.25,872.9,One year,0
0557-XYZ,69,Female,18,26.87,500.65,Month-to-month,1
0558-XYZ,59,Female,9,56.96,526.74,Month-to-month,1
0559-XYZ,23,Male,17,66.42,1137.13,Month-to-month,1
0560-XYZ,32,Female,13,92.27,1181.2,Month-to-month,1
0561-XYZ,71,Male,28,85.67,2386.25,One year,0
0562-XYZ,60,Female,13,90.88,1127.94,Month-to-month,1
0563-XYZ,77,Male,43,20.84,785.62,One year,0
0564-XYZ,54,Female,16,41.77,723.52,Month-to-month,1
0565-XYZ,50,Male,22,86.17,1903.6,Month-to-month,1
0566-XYZ,25,Female,4,68.4,273.91,Month-to-month,1
0567-XYZ,70,Male,16,20.53,348.4,One year,1
0568-XYZ,77,Female,24,100.45,2369.38,One year,1
0569-XYZ,61,Male,2,97.28,144.51,Month-to-month,1
0570-XYZ,61,Female,13,74.84,958.74,Month-to-month,1
0571-XYZ,22,Male,33,26.65,947.85,One year,0
0572-XYZ,56,Male,21,96.65,1971.21,Month-to-month,0
0573-XYZ,21,Female,23,78.37,1671.16,Month-to-month,1
0574-XYZ,23,Female,26,98.2,2527.13,Two year,0
0575-XYZ,62,Male,45,95.17,4339.78,One year,1
0576-XYZ,49,Female,13,100.3,1217.27,Month-to-month,1
0577-XYZ,69,Male,44,71.8,3100.19,Two year,0
0578-XYZ,47,Male,69,34.03,2361.25,Two year,0
0579-XYZ,64,Male,12,87.12,1173.94,Month-to-month,1
0580-XYZ,52,Female,32,82.05,2557.69,One year,0
0581-XYZ,72,Male,22,94.23,2003.21,One year,0
0582-XYZ,57,Male,7,36.99,275.86,Month-to-month,1
0583-XYZ,69,Female,4,39.5,218.23,Month-to-month,1
0584-XYZ,33,Female,19,109.04,2040.56,Month-to-month,1
0585-XYZ,30,Female,12,95.0,1058.93,One year,1
0586-XYZ,67,Female,3,110.82,354.15,Month-to-month,1
0587-XYZ,77,Male,36,95.87,3482.06,Two year,0
0588-XYZ,59,Male,45,79.72,3676.33,One year,0
0589-XYZ,47,Male,11,85.41,972.36,Month-to-month,1
0590-XYZ,36,Male,47,108.91,5160.17,One year,0
0591-XYZ,34,Female,19,77.88,1466.61,Month-to-month,1
0592-XYZ,73,Male,28,83.24,2452.8,One year,0
0593-XYZ,36,Male,46,35.65,1619.99,One year,0
0594-XYZ,45,Female,18,67.39,1182.42,Month-to-month,1
0595-XYZ,75,Male,8,91.64,823.6,Month-to-month,1
0596-XYZ,72,Male,22,47.09,962.27,Month-to-month,1
0597-XYZ,43,Male,19,40.23,672.0,Month-to-month,0
0598-XYZ,54,Male,5,51.38,262.88,Month-to-month,1
0599-XYZ,43,Male,7,44.15,308.96,Month-to-month,1
0600-XYZ,70,Male,44,41.49,1814.17,Two year,1
0601-XYZ,79,Female,8,62.49,549.62,Month-to-month,1
0602-XYZ,40,Female,5,110.78,508.49,Month-to-month,1
0603-XYZ,26,Male,28,70.71,1983.09,One year,0
0604-XYZ,29,Male,5,38.79,175.94,Month-to-month,1
0605-XYZ,70,Female,59,27.7,1589.74,Two year,0
0606-XYZ,18,Male,30,89.62,2685.51,One year,0
0607-XYZ,75,Male,50,58.28,2956.63,Two year,1
0608-XYZ,75,Male,21,102.18,2251.81,Month-to-month,1
0609-XYZ,18,Female,2,85.95,200.87,Month-to-month,1
0610-XYZ,64,Male,11,99.62,970.28,Month-to-month,1
0611-XYZ,51,Female,68,47.19,3207.01,Two year,0
0612-XYZ,49,Male,15,89.24,1341.09,Month-to-month,1
0613-XYZ,79,Female,12,46.41,603.73,Month-to-month,1
0614-XYZ,71,Female,44,113.91,5021.28,Two year,0
0615-XYZ,65,Male,22,83.64,1902.73,Month-to-month,1
0616-XYZ,42,Female,11,52.45,596.53,Month-to-month,0
0617-XYZ,57,Male,7,46.95,406.59,Month-to-month,1
0618-XYZ,62,Female,51,39.09,1971.65,Two year,0
0619-XYZ,70,Male,5,89.46,454.52,Month-to-month,1
0620-XYZ,18,Male,28,41.87,1213.69,One year,1
0621-XYZ,33,Female,43,79.53,3391.18,Two year,1
0622-XYZ,78,Male,9,46.46,378.64,Month-to-month,1
0623-XYZ,56,Male,23,86.2,1951.13,One year,0
0624-XYZ,22,Female,6,101.49,571.48,Month-to-month,1
0625-XYZ,39,Male,17,97.8,1688.73,Month-to-month,1
0626-XYZ,46,Male,42,96.09,3944.04,Two year,0
0627-XYZ,72,Female,49,38.77,1821.93,Two year,1
0628-XYZ,20,Female,43,28.84,1333.26,One year,1
0629-XYZ,29,Male,17,89.89,1491.88,One year,0
0630-XYZ,43,Male,23,56.83,1317.09,Month-to-month,1
0631-XYZ,33,Female,4,63.23,178.46,Month-to-month,0
0632-XYZ,68,Female,6,23.11,143.37,Month-to-month,1
0633-XYZ,54,Male,11,45.96,469.61,Month-to-month,0
0634-XYZ,39,Female,1,23.37,20.0,Month-to-month,1
0635-XYZ,74,Male,23,107.92,2549.01,Month-to-month,1
0636-XYZ,46,Male,15,44.34,724.23,Month-to-month,0
0637-XYZ,31,Male,11,75.73,827.66,Month-to-month,1
0638-XYZ,45,Male,28,23.9,719.17,One year,0
0639-XYZ,22,Male,37,86.68,3302.32,Two year,1
0640-XYZ,64,Female,18,52.3,,Month-to-month,1
0641-XYZ,66,Female,51,109.79,5623.27,Two year,0
0642-XYZ,47,Female,70,108.81,7626.65,Two year,0
0643-XYZ,63,Female,15,52.53,820.42,Month-to-month,0
0644-XYZ,79,Male,27,110.1,2954.5,Two year,1
0645-XYZ,69,Male,18,119.62,2139.33,One year,1
0646-XYZ,22,Male,46,102.54,4739.38,One year,1
0647-XYZ,29,Male,16,104.49,1648.15,Month-to-month,1
0648-XYZ,33,Female,20,44.9,879.71,One year,0
0649-XYZ,43,Male,8,77.67,621.37,Month-to-month,1
0650-XYZ,43,Male,28,26.73,805.97,One year,0
0651-XYZ,65,Female,28,29.49,769.09,One year,0
0652-XYZ,38,Female,44,119.89,5313.12,One year,1
0653-XYZ,56,Female,43,52.66,2303.97,One year,0
0654-XYZ,53,Female,19,94.82,1840.87,One year,1
0655-XYZ,50,Male,19,100.67,1872.39,Month-to-month,1
0656-XYZ,79,Male,6,105.8,550.17,Month-to-month,1
0657-XYZ,47,Female,26,119.76,3141.75,Two year,1
0658-XYZ,54,Male,5,44.15,230.13,Month-to-month,0
0659-XYZ,40,Male,13,24.04,362.74,Month-to-month,1
0660-XYZ,75,Male,15,61.12,881.77,Month-to-month,1
0661-XYZ,27,Female,14,33.01,500.15,Month-to-month,1
0662-XYZ,71,Male,54,22.24,1253.68,Two year,0
0663-XYZ,22,Female,27,56.04,1508.31,One year,0
0664-XYZ,53,Male,55,98.37,5431.2,Two year,0
0665-XYZ,51,Male,33,76.62,2547.56,One year,0
0666-XYZ,69,Male,22,51.28,1087.09,Month-to-month,0
0667-XYZ,48,Female,11,85.43,966.28,Month-to-month,1
0668-XYZ,27,Male,14,43.2,685.92,One year,0
0669-XYZ,75,Female,22,21.44,472.79,Month-to-month,0
0670-XYZ,36,Female,33,96.44,3109.47,Two year,1
0671-XYZ,75,Female,65,82.37,5319.69,Two year,0
0672-XYZ,49,Male,21,96.23,1931.86,Month-to-month,1
0673-XYZ,18,Male,39,23.89,996.22,Two year,1
0674-XYZ,73,Male,35,103.71,3668.06,Two year,1
0675-XYZ,22,Male,13,81.95,1040.28,One year,0
0676-XYZ,62,Female,9,76.34,616.16,Month-to-month,1
0677-XYZ,21,Female,3,82.46,205.72,Month-to-month,1
0678-XYZ,33,Female,41,106.44,4332.13,One year,1
0679-XYZ,41,Male,15,78.69,1185.82,Month-to-month,1
0680-XYZ,33,Female,3,78.1,238.09,Month-to-month,1
0681-XYZ,72,Male,42,119.07,5068.01,Two year,1
0682-XYZ,19,Female,18,95.67,1687.42,Month-to-month,1
0683-XYZ,66,Male,19,64.23,1144.96,One year,0
0684-XYZ,45,Male,49,90.74,4388.41,Two year,0
0685-XYZ,49,Female,63,58.92,3710.81,Two year,0
0686-XYZ,44,Female,7,42.89,263.8,Month-to-month,1
0687-XYZ,37,Female,53,79.69,4208.97,Two year,0
0688-XYZ,41,Female,7,112.82,,Month-to-month,1
0689-XYZ,29,Male,3,112.91,388.24,Month-to-month,1
0690-XYZ,67,Female,12,54.19,620.93,One year,1
0691-XYZ,52,Female,4,72.77,272.21,Month-to-month,0
0692-XYZ,77,Female,5,41.16,241.66,Month-to-month,0
0693-XYZ,50,Male,12,119.56,1406.47,One year,0
0694-XYZ,50,Male,15,118.11,1792.81,Month-to-month,1
0695-XYZ,78,Female,5,84.95,441.32,Month-to-month,1
0696-XYZ,68,Male,13,100.44,1312.81,Month-to-month,1
0697-XYZ,60,Female,63,91.51,5708.41,Two year,0
0698-XYZ,54,Male,19,79.32,1568.57,One year,1
0699-XYZ,29,Male,5,25.33,237.68,Month-to-month,1
0700-XYZ,20,Male,9,65.48,589.76,Month-to-month,0
0701-XYZ,18,Male,1,87.48,35.16,Month-to-month,1
0702-XYZ,50,Female,4,87.75,352.46,Month-to-month,1
0703-XYZ,57,Female,58,57.31,3373.47,Two year,0
0704-XYZ,27,Female,2,114.17,197.58,Month-to-month,1
0705-XYZ,60,Male,8,36.74,287.48,Month-to-month,1
0706-XYZ,61,Female,34,70.04,2398.39,One year,0
0707-XYZ,46,Female,20,89.09,,One year,1
0708-XYZ,30,Female,45,89.71,4075.72,One year,0
0709-XYZ,29,Male,14,84.86,1228.88,Month-to-month,1
0710-XYZ,48,Male,14,47.53,644.11,Month-to-month,0
0711-XYZ,63,Male,4,35.62,162.58,Month-to-month,1
0712-XYZ,19,Female,6,83.59,465.44,Month-to-month,1
0713-XYZ,78,Female,22,79.93,1800.74,One year,0
0714-XYZ,68,Female,58,37.94,2258.08,Two year,0
0715-XYZ,67,Male,19,90.51,1747.36,One year,0
0716-XYZ,52,Male,26,65.52,1685.15,Two year,1
0717-XYZ,40,Female,14,86.78,1204.73,Month-to-month,1
0718-XYZ,34,Male,24,103.74,2580.09,One year,0
0719-XYZ,43,Male,13,36.97,463.07,Month-to-month,1
0720-XYZ,25,Male,43,21.91,994.63,One year,0
0721-XYZ,46,Male,2,97.91,212.76,Month-to-month,1
0722-XYZ,43,Female,13,80.97,1035.9,Month-to-month,1
0723-XYZ,27,Male,19,89.96,,Month-to-month,0
0724-XYZ,43,Male,61,103.82,,Two year,0
0725-XYZ,79,Male,16,100.28,1609.04,Month-to-month,1
0726-XYZ,51,Male,2,116.09,322.51,Month-to-month,1
0727-XYZ,68,Female,8,73.59,545.71,Month-to-month,1
0728-XYZ,58,Female,40,68.85,2868.74,Two year,1
0729-XYZ,24,Male,45,60.19,2727.49,One year,0
0730-XYZ,21,Male,27,35.37,973.88,One year,1
0731-XYZ,75,Male,6,77.26,433.91,Month-to-month,1
0732-XYZ,70,Male,13,47.7,635.84,One year,0
0733-XYZ,67,Male,2,112.13,247.91,Month-to-month,1
0734-XYZ,62,Male,49,78.32,3884.55,Two year,0
0735-XYZ,28,Female,24,79.28,1853.8,One year,0
0736-XYZ,46,Male,15,55.49,902.69,Month-to-month,1
0737-XYZ,73,Female,2,25.2,68.47,Month-to-month,1
0738-XYZ,53,Female,7,23.17,192.6,Month-to-month,0
0739-XYZ,42,Male,3,62.33,175.94,Month-to-month,1
0740-XYZ,38,Female,8,28.46,181.27,Month-to-month,0
0741-XYZ,78,Female,34,80.68,2746.76,One year,1
0742-XYZ,74,Female,14,108.1,1522.76,Month-to-month,1
0743-XYZ,53,Female,23,108.29,2421.4,Month-to-month,1
0744-XYZ,27,Female,22,85.9,1929.46,Month-to-month,1
0745-XYZ,54,Female,7,41.12,337.67,Month-to-month,1
0746-XYZ,26,Male,62,106.3,6554.12,Two year,0
0747-XYZ,41,Female,1,108.61,57.48,Month-to-month,1
0748-XYZ,52,Female,28,39.67,1095.61,One year,1
0749-XYZ,66,Female,64,93.74,6000.55,Two year,0
0750-XYZ,52,Male,41,48.65,1981.44,One year,1
0751-XYZ,65,Female,36,100.26,3606.31,Two year,1
0752-XYZ,53,Male,21,119.72,2525.19,Month-to-month,1
0753-XYZ,35,Female,42,23.0,897.59,Two year,0
0754-XYZ,66,Male,21,109.74,2241.88,Month-to-month,1
0755-XYZ,56,Male,19,82.26,1426.83,Month-to-month,0
0756-XYZ,49,Female,36,117.34,4271.37,One year,1
0757-XYZ,41,Female,45,66.5,2993.26,Two year,0
0758-XYZ,40,Male,54,104.74,5708.35,Two year,0
0759-XYZ,79,Female,17,26.24,389.19,Month-to-month,0
0760-XYZ,49,Male,23,53.53,1232.41,Month-to-month,1
0761-XYZ,54,Male,46,26.7,1238.94,Two year,0
0762-XYZ,29,Male,10,117.53,1147.21,Month-to-month,1
0763-XYZ,66,Male,33,101.7,3278.43,Two year,1
0764-XYZ,72,Male,59,105.25,,Two year,1
0765-XYZ,30,Female,8,113.8,980.36,Month-to-month,1
0766-XYZ,40,Male,22,28.51,608.12,Month-to-month,0
0767-XYZ,42,Male,20,58.56,,Month-to-month,1
0768-XYZ,52,Female,20,27.1,517.76,Month-to-month,1
0769-XYZ,58,Male,55,41.08,2209.63,Two year,1
0770-XYZ,47,Female,18,42.94,864.28,Month-to-month,1
0771-XYZ,34,Female,37,66.91,2392.9,Two year,0
0772-XYZ,66,Female,18,46.86,829.2,Month-to-month,1
0773-XYZ,79,Male,51,30.1,1539.32,Two year,0
0774-XYZ,37,Male,14,36.75,597.06,Month-to-month,0
0775-XYZ,65,Male,20,34.73,739.43,Month-to-month,1
0776-XYZ,42,Female,21,117.31,2379.9,Month-to-month,1
0777-XYZ,39,Male,35,95.93,3357.41,One year,1
0778-XYZ,30,Female,26,116.78,3037.33,One year,0
0779-XYZ,76,Male,45,63.97,2867.23,Two year,1
0780-XYZ,36,Female,4,47.84,222.35,Month-to-month,1
0781-XYZ,66,Male,13,99.83,1227.33,Month-to-month,1
0782-XYZ,53,Male,34,52.63,1768.99,One year,1
0783-XYZ,29,Male,8,49.94,423.46,Month-to-month,1
0784-XYZ,78,Female,18,43.25,812.48,Month-to-month,1
0785-XYZ,58,Female,35,32.97,1161.42,Two year,0
0786-XYZ,36,Male,54,45.65,,Two year,0
0787-XYZ,29,Male,37,55.53,2048.61,Two year,0
0788-XYZ,26,Female,57,87.4,5018.82,Two year,1
0789-XYZ,24,Female,18,26.26,474.38,Month-to-month,1
0790-XYZ,45,Female,2,41.05,30.01,Month-to-month,1
0791-XYZ,31,Male,22,100.9,2158.13,One year,1
0792-XYZ,48,Female,64,34.69,2145.68,Two year,0
0793-XYZ,69,Male,12,54.26,723.9,Month-to-month,1
0794-XYZ,36,Female,17,106.47,1850.36,Month-to-month,1
0795-XYZ,75,Male,15,35.49,527.03,Month-to-month,0
0796-XYZ,64,Female,42,28.27,1164.65,One year,0
0797-XYZ,33,Female,52,68.45,3530.7,Two year,1
0798-XYZ,70,Female,49,50.24,2516.42,Two year,0
0799-XYZ,22,Female,18,76.34,1469.34,Month-to-month,1
0800-XYZ,52,Female,55,100.38,5490.63,Two year,0
0801-XYZ,29,Male,33,33.71,1169.35,One year,0
0802-XYZ,42,Female,6,78.07,469.82,Month-to-month,1
0803-XYZ,69,Female,17,70.55,1188.73,Month-to-month,1
0804-XYZ,76,Female,23,34.41,866.64,Month-to-month,1
0805-XYZ,38,Male,18,82.4,1482.69,Month-to-month,1
0806-XYZ,53,Female,31,47.36,1482.98,Two year,1
0807-XYZ,70,Male,9,68.78,631.43,Month-to-month,1
0808-XYZ,40,Female,29,28.23,737.39,Two year,0
0809-XYZ,33,Female,5,65.96,344.22,Month-to-month,1
0810-XYZ,74,Male,12,50.65,579.67,Month-to-month,1
0811-XYZ,56,Female,11,102.24,1053.58,Month-to-month,1
0812-XYZ,62,Male,1,25.7,20.0,Month-to-month,1
0813-XYZ,70,Male,11,61.86,654.19,Month-to-month,1
0814-XYZ,59,Female,42,65.84,,Two year,0
0815-XYZ,75,Male,20,92.5,1796.81,One year,0
0816-XYZ,56,Female,38,77.43,2902.85,One year,0
0817-XYZ,31,Female,2,86.72,,Month-to-month,1
0818-XYZ,48,Male,12,97.7,1106.11,Month-to-month,1
0819-XYZ,75,Male,4,106.22,391.93,Month-to-month,1
0820-XYZ,22,Male,47,51.39,2332.11,One year,0
0821-XYZ,52,Male,18,73.8,1374.4,Month-to-month,1
0822-XYZ,40,Female,15,104.01,1545.08,Month-to-month,0
0823-XYZ,46,Female,24,118.95,2854.0,One year,0
0824-XYZ,60,Male,19,108.95,2115.85,Month-to-month,1
0825-XYZ,28,Female,17,57.15,935.44,Month-to-month,0
0826-XYZ,35,Female,6,39.52,221.52,Month-to-month,1
0827-XYZ,64,Female,71,68.94,4841.92,Two year,0
0828-XYZ,29,Female,23,94.16,2112.75,One year,0
0829-XYZ,26,Male,19,69.26,1269.91,Month-to-month,1
0830-XYZ,27,Male,5,68.32,316.98,Month-to-month,1
0831-XYZ,75,Female,40,103.82,4133.56,Two year,0
0832-XYZ,61,Male,34,56.14,1923.19,One year,0
0833-XYZ,34,Male,1,105.98,61.42,Month-to-month,1
0834-XYZ,78,Male,50,60.68,3049.98,Two year,0
0835-XYZ,55,Female,23,52.82,1239.11,Month-to-month,1
0836-XYZ,24,Female,21,65.4,1350.01,One year,1
0837-XYZ,63,Female,34,96.24,3231.92,One year,1
0838-XYZ,30,Male,21,32.6,688.85,Month-to-month,1
0839-XYZ,57,Female,44,39.64,1734.01,Two year,1
0840-XYZ,59,Female,24,115.14,2774.38,One year,0
0841-XYZ,26,Male,44,37.55,1730.69,One year,0
0842-XYZ,67,Female,12,76.77,924.67,Month-to-month,1
0843-XYZ,44,Female,11,77.93,825.27,Month-to-month,1
0844-XYZ,75,Male,17,68.96,1127.78,Month-to-month,1
0845-XYZ,19,Male,27,84.47,2238.08,Two year,0
0846-XYZ,22,Male,15,42.98,571.56,Month-to-month,1
0847-XYZ,46,Female,36,75.27,2756.36,One year,1
0848-XYZ,54,Female,41,57.22,2234.36,One year,1
0849-XYZ,55,Female,9,86.17,799.94,Month-to-month,1
0850-XYZ,36,Male,32,34.12,1048.44,One year,1
0851-XYZ,25,Male,20,77.09,1516.18,Month-to-month,1
0852-XYZ,65,Female,42,38.53,1573.36,Two year,0
0853-XYZ,62,Female,19,47.86,981.63,Month-to-month,1
0854-XYZ,18,Male,12,41.87,503.26,Month-to-month,1
0855-XYZ,39,Male,5,38.28,230.92,Month-to-month,0
0856-XYZ,69,Male,10,102.57,1090.73,Month-to-month,0
0857-XYZ,34,Male,40,48.57,1950.97,Two year,0
0858-XYZ,24,Female,39,112.71,4335.91,One year,1
0859-XYZ,42,Male,46,116.99,5370.51,One year,1
0860-XYZ,62,Female,15,77.13,1119.84,Month-to-month,1
0861-XYZ,21,Female,16,34.3,523.62,Month-to-month,1
0862-XYZ,53,Female,18,57.45,1029.37,Month-to-month,1
0863-XYZ,23,Male,25,99.77,2487.54,One year,0
0864-XYZ,77,Male,58,56.74,3311.53,Two year,0
0865-XYZ,48,Male,12,28.7,372.27,Month-to-month,1
0866-XYZ,36,Male,9,75.68,674.41,Month-to-month,1
0867-XYZ,78,Female,18,104.51,1901.35,One year,1
0868-XYZ,61,Male,64,99.59,6346.29,Two year,0
0869-XYZ,71,Male,24,37.51,965.98,One year,1
0870-XYZ,56,Female,41,87.28,3550.2,Two year,1
0871-XYZ,44,Male,5,42.05,270.11,Month-to-month,0
0872-XYZ,27,Female,13,41.82,469.86,Month-to-month,1
0873-XYZ,43,Female,59,107.41,6318.17,Two year,1
0874-XYZ,36,Female,42,44.97,1872.19,One year,0
0875-XYZ,56,Female,2,46.32,106.59,Month-to-month,1
0876-XYZ,79,Female,27,20.07,584.98,One year,0
0877-XYZ,20,Female,32,107.07,3363.77,Two year,0
0878-XYZ,62,Female,20,99.26,1929.8,One year,0
0879-XYZ,30,Female,22,82.73,1749.96,One year,1
0880-XYZ,67,Male,22,95.03,2156.67,Month-to-month,1
0881-XYZ,45,Male,33,35.2,1176.48,One year,0
0882-XYZ,79,Male,44,65.83,2842.3,One year,0
0883-XYZ,75,Male,59,55.12,3229.93,Two year,0
0884-XYZ,37,Female,68,29.38,2056.93,Two year,0
0885-XYZ,45,Male,46,68.61,3142.15,Two year,0
0886-XYZ,25,Female,13,112.07,1440.05,Month-to-month,1
0887-XYZ,78,Male,45,24.01,1041.39,One year,1
0888-XYZ,58,Male,32,49.15,1521.55,Two year,1
0889-XYZ,56,Male,35,40.75,1485.42,One year,0
0890-XYZ,18,Female,31,43.81,1441.81,Two year,0
0891-XYZ,20,Male,30,110.84,3275.94,Two year,1
0892-XYZ,30,Female,4,66.81,337.49,Month-to-month,1
0893-XYZ,45,Female,29,66.63,1907.9,One year,1
0894-XYZ,79,Male,3,96.06,314.86,Month-to-month,1
0895-XYZ,74,Male,6,35.45,283.21,Month-to-month,1
0896-XYZ,77,Male,32,68.73,2192.11,One year,1
0897-XYZ,66,Female,51,63.0,3196.6,Two year,1
0898-XYZ,42,Male,8,79.69,677.57,Month-to-month,1
0899-XYZ,73,Female,22,119.96,2583.62,Month-to-month,1
0900-XYZ,50,Female,12,96.94,1220.63,One year,1
0901-XYZ,55,Male,4,59.79,246.3,Month-to-month,1
0902-XYZ,70,Male,21,102.76,2129.07,Month-to-month,1
0903-XYZ,23,Female,11,37.07,377.56,Month-to-month,0
0904-XYZ,75,Female,3,23.05,20.0,Month-to-month,1
0905-XYZ,61,Female,13,40.44,498.91,Month-to-month,1
0906-XYZ,62,Male,17,54.04,905.48,Month-to-month,1
0907-XYZ,49,Female,22,71.06,1510.26,Month-to-month,1
0908-XYZ,62,Male,33,81.51,2687.56,Two year,0
0909-XYZ,78,Female,21,111.06,2355.91,One year,1
0910-XYZ,64,Female,24,70.99,1693.09,One year,0
0911-XYZ,38,Male,5,70.13,383.79,Month-to-month,0
0912-XYZ,33,Female,6,25.02,109.76,Month-to-month,1
0913-XYZ,71,Male,35,23.49,872.32,One year,0
0914-XYZ,38,Male,2,75.12,156.33,Month-to-month,1
0915-XYZ,28,Female,22,63.82,1481.3,Month-to-month,1
0916-XYZ,77,Male,28,103.92,3030.47,One year,0
0917-XYZ,54,Male,47,36.07,1671.78,One year,1
0918-XYZ,53,Female,14,22.5,293.55,Month-to-month,1
0919-XYZ,52,Male,10,64.9,636.69,Month-to-month,1
0920-XYZ,36,Male,46,43.75,2042.29,One year,0
0921-XYZ,37,Male,3,24.96,141.18,Month-to-month,0
0922-XYZ,74,Female,28,92.46,2556.24,One year,1
0923-XYZ,35,Male,23,31.16,735.74,One year,0
0924-XYZ,64,Female,47,80.83,3792.21,Two year,1
0925-XYZ,58,Female,11,48.1,560.01,Month-to-month,1
0926-XYZ,66,Male,48,37.35,1868.27,Two year,0
0927-XYZ,31,Male,47,57.98,2713.04,One year,0
0928-XYZ,32,Male,6,100.14,517.35,Month-to-month,1
0929-XYZ,48,Female,1,59.21,96.41,Month-to-month,1
0930-XYZ,18,Male,31,95.08,,One year,0
0931-XYZ,70,Male,23,32.55,741.49,Month-to-month,1
0932-XYZ,71,Male,16,97.28,1595.83,Month-to-month,1
0933-XYZ,71,Male,15,43.69,670.22,Month-to-month,0
0934-XYZ,20,Male,40,87.74,3504.51,Two year,0
0935-XYZ,33,Female,63,76.58,4795.75,Two year,0
0936-XYZ,40,Female,39,112.91,4258.5,One year,1
0937-XYZ,74,Male,12,58.73,739.68,Month-to-month,0
0938-XYZ,28,Male,22,26.62,572.99,Month-to-month,0
0939-XYZ,29,Male,41,21.92,974.39,One year,1
0940-XYZ,27,Male,9,102.69,944.11,Month-to-month,1
0941-XYZ,49,Female,2,72.47,117.88,Month-to-month,1
0942-XYZ,33,Male,17,97.52,1711.18,One year,1
0943-XYZ,25,Female,30,43.44,1360.76,Two year,0
0944-XYZ,55,Female,43,54.51,2332.98,One year,1
0945-XYZ,29,Male,43,23.01,1049.11,One year,0
0946-XYZ,41,Female,48,116.15,5547.43,Two year,1
0947-XYZ,45,Female,1,86.79,94.77,Month-to-month,1
0948-XYZ,70,Female,18,113.32,2068.33,One year,0
0949-XYZ,25,Female,35,46.55,1668.49,Two year,0
0950-XYZ,75,Male,16,81.15,1329.48,Month-to-month,1
0951-XYZ,45,Male,27,87.85,2355.32,One year,1
0952-XYZ,53,Female,47,51.75,2486.93,One year,1
0953-XYZ,43,Male,24,104.81,2509.22,One year,1
0954-XYZ,25,Male,18,114.72,2036.51,One year,1
0955-XYZ,75,Male,59,108.49,6373.19,Two year,1
0956-XYZ,77,Male,70,93.91,6670.7,Two year,1
0957-XYZ,67,Male,19,47.75,870.15,Month-to-month,1
0958-XYZ,45,Female,32,48.16,1605.7,Two year,0
0959-XYZ,45,Male,11,116.34,1222.97,Month-to-month,1
0960-XYZ,54,Male,8,21.03,192.64,Month-to-month,1
0961-XYZ,58,Male,1,91.6,106.45,Month-to-month,1
0962-XYZ,53,Male,23,90.62,2165.32,Month-to-month,0
0963-XYZ,44,Female,8,82.27,625.44,Month-to-month,1
0964-XYZ,71,Female,68,119.01,8046.15,Two year,0
0965-XYZ,34,Female,33,51.19,1683.44,One year,0
0966-XYZ,26,Female,15,54.0,893.24,One year,0
0967-XYZ,50,Male,8,27.89,178.91,Month-to-month,1
0968-XYZ,70,Female,26,64.28,1541.86,Two year,0
0969-XYZ,37,Male,52,46.1,2400.19,Two year,0
0970-XYZ,30,Male,64,54.34,3525.24,Two year,0
0971-XYZ,45,Male,2,103.46,156.23,Month-to-month,1
0972-XYZ,65,Male,2,113.55,269.5,Month-to-month,1
0973-XYZ,46,Male,13,38.57,449.61,Month-to-month,1
0974-XYZ,30,Female,15,57.25,851.42,Month-to-month,1
0975-XYZ,63,Female,23,112.86,2633.41,Month-to-month,1
0976-XYZ,52,Female,67,26.18,1694.69,Two year,0
0977-XYZ,78,Female,4,29.24,126.04,Month-to-month,1
0978-XYZ,23,Male,8,36.28,350.99,Month-to-month,1
0979-XYZ,35,Female,9,79.52,739.38,Month-to-month,1
0980-XYZ,68,Male,23,35.05,770.12,Month-to-month,0
0981-XYZ,22,Female,5,116.81,659.99,Month-to-month,1
0982-XYZ,64,Male,20,64.67,1326.32,Month-to-month,1
0983-XYZ,42,Male,18,70.15,1169.68,Month-to-month,1
0984-XYZ,19,Female,34,44.67,1561.99,Two year,0
0985-XYZ,27,Male,38,67.1,2521.23,Two year,0
0986-XYZ,73,Male,22,86.19,1906.01,Month-to-month,0
0987-XYZ,47,Female,9,95.12,906.48,Month-to-month,1
0988-XYZ,67,Male,40,95.39,3788.12,Two year,0
0989-XYZ,76,Female,12,77.79,851.2,Month-to-month,1
0990-XYZ,62,Female,7,110.44,848.36,Month-to-month,1
0991-XYZ,22,Female,65,101.74,6671.33,Two year,0
0992-XYZ,72,Male,10,95.7,952.64,Month-to-month,0
0993-XYZ,73,Male,30,25.56,809.47,One year,0
0994-XYZ,50,Male,22,20.69,436.71,One year,0
0995-XYZ,71,Female,13,41.24,540.97,Month-to-month,1
0996-XYZ,18,Male,21,86.35,1806.14,Month-to-month,1
0997-XYZ,35,Female,31,61.12,1878.27,Two year,1
0998-XYZ,49,Female,8,60.24,499.89,Month-to-month,0
0999-XYZ,64,Male,4,108.46,373.43,Month-to-month,1
1000-XYZ,66,Female,42,109.56,4588.94,One year,1
